WeiNing0,123456
WeiNing1,123456
WeiNing2,123456
WeiNing3,123456
WeiNing4,123456
WeiNing5,123456
WeiNing6,123456
WeiNing7,123456
WeiNing8,123456
WeiNing9,123456
WeiNing10,123456
WeiNing11,123456
WeiNing12,123456
WeiNing13,123456
WeiNing14,123456
WeiNing15,123456
WeiNing16,123456
WeiNing17,123456
WeiNing18,123456
WeiNing19,123456
WeiNing20,123456
WeiNing21,123456
WeiNing22,123456
WeiNing23,123456
WeiNing24,123456
WeiNing25,123456
WeiNing26,123456
WeiNing27,123456
WeiNing28,123456
WeiNing29,123456
WeiNing30,123456
WeiNing31,123456
WeiNing32,123456
WeiNing32,123456
WeiNing33,123456
WeiNing34,123456
WeiNing35,123456
WeiNing36,123456
WeiNing37,123456
WeiNing38,123456
WeiNing39,123456
WeiNing40,123456
WeiNing41,123456
WeiNing42,123456
WeiNing43,123456
WeiNing44,123456
WeiNing45,123456
WeiNing46,123456
WeiNing47,123456
WeiNing48,123456
WeiNing49,123456
WeiNing50,123456
WeiNing51,123456
WeiNing52,123456
WeiNing53,123456
WeiNing54,123456
WeiNing55,123456
WeiNing56,123456
WeiNing57,123456
WeiNing58,123456
WeiNing59,123456
WeiNing60,123456
WeiNing61,123456
WeiNing62,123456
WeiNing63,123456
WeiNing64,123456
WeiNing65,123456
WeiNing66,123456
WeiNing67,123456
WeiNing68,123456
WeiNing69,123456
WeiNing70,123456
WeiNing71,123456
WeiNing72,123456
WeiNing73,123456
WeiNing74,123456
WeiNing75,123456
WeiNing76,123456
WeiNing77,123456
WeiNing78,123456
WeiNing79,123456
WeiNing80,123456
WeiNing81,123456
WeiNing82,123456
WeiNing83,123456
WeiNing84,123456
WeiNing85,123456
WeiNing86,123456
WeiNing87,123456
WeiNing88,123456
WeiNing89,123456
WeiNing90,123456
WeiNing91,123456
WeiNing92,123456
WeiNing93,123456
WeiNing94,123456
WeiNing95,123456
WeiNing96,123456
WeiNing97,123456
WeiNing98,123456
WeiNing99,123456
WeiNing100,123456
WeiNing101,123456
WeiNing102,123456
WeiNing103,123456
WeiNing104,123456
WeiNing105,123456
WeiNing106,123456
WeiNing108,123456
WeiNing109,123456
WeiNing110,123456
WeiNing111,123456
WeiNing112,123456
WeiNing113,123456
WeiNing114,123456
WeiNing115,123456
WeiNing116,123456
WeiNing117,123456
WeiNing118,123456
WeiNing119,123456
WeiNing120,123456
WeiNing121,123456
WeiNing122,123456
WeiNing123,123456
WeiNing124,123456
WeiNing125,123456
WeiNing126,123456
WeiNing127,123456
WeiNing128,123456
WeiNing129,123456
WeiNing130,123456
WeiNing131,123456
WeiNing132,123456
WeiNing133,123456
WeiNing134,123456
WeiNing135,123456
WeiNing136,123456
WeiNing137,123456
WeiNing138,123456
WeiNing139,123456
WeiNing140,123456
WeiNing141,123456
WeiNing142,123456
WeiNing143,123456
WeiNing144,123456
WeiNing145,123456
WeiNing146,123456
WeiNing147,123456
WeiNing148,123456
WeiNing149,123456
WeiNing150,123456
WeiNing151,123456
WeiNing152,123456
WeiNing153,123456
WeiNing154,123456
WeiNing155,123456
WeiNing156,123456
WeiNing157,123456
WeiNing158,123456
WeiNing159,123456
WeiNing160,123456
WeiNing161,123456
WeiNing162,123456
WeiNing163,123456
WeiNing164,123456
WeiNing165,123456
WeiNing166,123456
WeiNing167,123456
WeiNing168,123456
WeiNing169,123456
WeiNing170,123456
WeiNing171,123456
WeiNing172,123456
WeiNing173,123456
WeiNing174,123456
WeiNing175,123456
WeiNing176,123456
WeiNing177,123456
WeiNing178,123456
WeiNing179,123456
WeiNing180,123456
WeiNing181,123456
WeiNing182,123456
WeiNing183,123456
WeiNing184,123456
WeiNing185,123456
WeiNing186,123456
WeiNing187,123456
WeiNing188,123456
WeiNing189,123456
WeiNing190,123456
WeiNing191,123456
WeiNing192,123456
WeiNing193,123456
WeiNing194,123456
WeiNing195,123456
WeiNing196,123456
WeiNing197,123456
WeiNing198,123456
WeiNing199,123456
WeiNing200,123456
WeiNing201,123456
WeiNing202,123456
WeiNing203,123456
WeiNing204,123456
WeiNing205,123456
WeiNing206,123456
WeiNing207,123456
WeiNing208,123456
WeiNing209,123456
WeiNing210,123456
WeiNing211,123456
WeiNing212,123456
WeiNing213,123456
WeiNing214,123456
WeiNing215,123456
WeiNing216,123456
WeiNing217,123456
WeiNing218,123456
WeiNing219,123456
WeiNing220,123456
WeiNing221,123456
WeiNing222,123456
WeiNing223,123456
WeiNing224,123456
WeiNing225,123456
WeiNing226,123456
WeiNing227,123456
WeiNing228,123456
WeiNing229,123456
WeiNing230,123456
WeiNing231,123456
WeiNing232,123456
WeiNing233,123456
WeiNing234,123456
WeiNing235,123456
WeiNing236,123456
WeiNing237,123456
WeiNing238,123456
WeiNing239,123456
WeiNing240,123456
WeiNing241,123456
WeiNing242,123456
WeiNing243,123456
WeiNing244,123456
WeiNing245,123456
WeiNing246,123456
WeiNing247,123456
WeiNing248,123456
WeiNing249,123456
WeiNing250,123456
WeiNing251,123456
WeiNing252,123456
WeiNing253,123456
WeiNing254,123456
WeiNing255,123456
WeiNing256,123456
WeiNing257,123456
WeiNing258,123456
WeiNing259,123456
WeiNing260,123456
WeiNing261,123456
WeiNing262,123456
WeiNing263,123456
WeiNing264,123456
WeiNing264,123456
WeiNing265,123456
WeiNing266,123456
WeiNing267,123456
WeiNing268,123456
WeiNing269,123456
WeiNing270,123456
WeiNing271,123456
WeiNing272,123456
WeiNing273,123456
WeiNing274,123456
WeiNing275,123456
WeiNing276,123456
WeiNing277,123456
WeiNing278,123456
WeiNing279,123456
WeiNing280,123456
WeiNing281,123456
WeiNing282,123456
WeiNing283,123456
WeiNing284,123456
WeiNing285,123456
WeiNing286,123456
WeiNing287,123456
WeiNing288,123456
WeiNing289,123456
WeiNing290,123456
WeiNing291,123456
WeiNing292,123456
WeiNing293,123456
WeiNing294,123456
WeiNing295,123456
WeiNing296,123456
WeiNing297,123456
WeiNing298,123456
WeiNing298,123456
WeiNing298,123456
WeiNing299,123456
WeiNing300,123456
WeiNing301,123456
WeiNing302,123456
WeiNing303,123456
WeiNing304,123456
WeiNing305,123456
WeiNing306,123456
WeiNing307,123456
WeiNing308,123456
WeiNing309,123456
WeiNing310,123456
WeiNing311,123456
WeiNing312,123456
WeiNing313,123456
WeiNing314,123456
WeiNing315,123456
WeiNing316,123456
WeiNing317,123456
WeiNing318,123456
WeiNing319,123456
WeiNing320,123456
WeiNing321,123456
WeiNing322,123456
WeiNing323,123456
WeiNing324,123456
WeiNing325,123456
WeiNing326,123456
WeiNing327,123456
WeiNing328,123456
WeiNing329,123456
WeiNing330,123456
WeiNing331,123456
WeiNing332,123456
WeiNing333,123456
WeiNing334,123456
WeiNing335,123456
WeiNing336,123456
WeiNing337,123456
WeiNing338,123456
WeiNing339,123456
WeiNing340,123456
WeiNing341,123456
WeiNing342,123456
WeiNing343,123456
WeiNing344,123456
WeiNing345,123456
WeiNing346,123456
WeiNing347,123456
WeiNing348,123456
WeiNing349,123456
WeiNing350,123456
WeiNing351,123456
WeiNing352,123456
WeiNing353,123456
WeiNing354,123456
WeiNing355,123456
WeiNing356,123456
WeiNing357,123456
WeiNing358,123456
WeiNing359,123456
WeiNing360,123456
WeiNing361,123456
WeiNing362,123456
WeiNing363,123456
WeiNing364,123456
WeiNing365,123456
WeiNing366,123456
WeiNing367,123456
WeiNing368,123456
WeiNing369,123456
WeiNing370,123456
WeiNing371,123456
WeiNing372,123456
WeiNing373,123456
WeiNing374,123456
WeiNing375,123456
WeiNing376,123456
WeiNing377,123456
WeiNing378,123456
WeiNing379,123456
WeiNing380,123456
WeiNing381,123456
WeiNing382,123456
WeiNing383,123456
WeiNing384,123456
WeiNing385,123456
WeiNing386,123456
WeiNing387,123456
WeiNing388,123456
WeiNing389,123456
WeiNing390,123456
WeiNing391,123456
WeiNing392,123456
WeiNing393,123456
WeiNing394,123456
WeiNing395,123456
WeiNing396,123456
WeiNing397,123456
WeiNing398,123456
WeiNing399,123456
WeiNing400,123456
WeiNing401,123456
WeiNing402,123456
WeiNing403,123456
WeiNing404,123456
WeiNing405,123456
WeiNing406,123456
WeiNing407,123456
WeiNing408,123456
WeiNing409,123456
WeiNing410,123456
WeiNing411,123456
WeiNing412,123456
WeiNing413,123456
WeiNing414,123456
WeiNing415,123456
WeiNing416,123456
WeiNing417,123456
WeiNing417,123456
WeiNing418,123456
WeiNing419,123456
WeiNing420,123456
WeiNing421,123456
WeiNing422,123456
WeiNing423,123456
WeiNing424,123456
WeiNing425,123456
WeiNing426,123456
WeiNing427,123456
WeiNing428,123456
WeiNing429,123456
WeiNing430,123456
WeiNing431,123456
WeiNing432,123456
WeiNing433,123456
WeiNing434,123456
WeiNing435,123456
WeiNing436,123456
WeiNing437,123456
WeiNing438,123456
WeiNing439,123456
WeiNing440,123456
WeiNing441,123456
WeiNing442,123456
WeiNing443,123456
WeiNing444,123456
WeiNing445,123456
WeiNing446,123456
WeiNing447,123456
WeiNing448,123456
WeiNing449,123456
WeiNing450,123456
WeiNing451,123456
WeiNing452,123456
WeiNing453,123456
WeiNing454,123456
WeiNing454,123456
WeiNing455,123456
WeiNing456,123456
WeiNing457,123456
WeiNing458,123456
WeiNing459,123456
WeiNing460,123456
WeiNing461,123456
WeiNing462,123456
WeiNing463,123456
WeiNing464,123456
WeiNing465,123456
WeiNing466,123456
WeiNing467,123456

WeiNing467,123456
WeiNing467,123456
WeiNing467,123456
WeiNing468,123456
WeiNing469,123456
WeiNing470,123456
WeiNing471,123456
WeiNing472,123456
WeiNing473,123456
WeiNing474,123456
WeiNing475,123456
WeiNing476,123456
WeiNing477,123456
WeiNing478,123456
WeiNing479,123456
WeiNing480,123456
WeiNing481,123456
WeiNing482,123456
WeiNing483,123456
WeiNing484,123456
WeiNing485,123456
WeiNing486,123456
WeiNing487,123456
WeiNing488,123456
WeiNing489,123456
WeiNing490,123456
WeiNing491,123456
WeiNing492,123456
WeiNing493,123456
WeiNing494,123456
WeiNing495,123456
WeiNing496,123456
WeiNing497,123456
WeiNing498,123456
WeiNing499,123456
WeiNing500,123456
WeiNing501,123456
WeiNing502,123456
WeiNing503,123456
WeiNing504,123456
WeiNing505,123456
WeiNing506,123456
WeiNing507,123456
WeiNing508,123456
WeiNing509,123456
WeiNing510,123456
WeiNing511,123456
WeiNing512,123456
WeiNing513,123456
WeiNing514,123456
WeiNing515,123456
WeiNing516,123456
WeiNing517,123456
WeiNing518,123456
WeiNing519,123456
WeiNing520,123456
WeiNing521,123456
WeiNing522,123456
WeiNing523,123456
WeiNing524,123456
WeiNing525,123456
WeiNing526,123456
WeiNing527,123456
WeiNing528,123456
WeiNing529,123456
WeiNing530,123456
WeiNing531,123456
WeiNing532,123456
WeiNing533,123456
WeiNing534,123456
WeiNing535,123456
WeiNing536,123456
WeiNing537,123456
WeiNing538,123456
WeiNing539,123456
WeiNing540,123456
WeiNing541,123456
WeiNing542,123456
WeiNing543,123456
WeiNing544,123456
WeiNing545,123456
WeiNing546,123456
WeiNing547,123456
WeiNing548,123456
WeiNing549,123456
WeiNing550,123456
WeiNing551,123456
WeiNing552,123456
WeiNing553,123456
WeiNing554,123456
WeiNing555,123456
WeiNing556,123456
WeiNing557,123456
WeiNing558,123456
WeiNing559,123456
WeiNing560,123456
WeiNing561,123456
WeiNing562,123456
WeiNing563,123456
WeiNing564,123456
WeiNing565,123456
WeiNing566,123456
WeiNing567,123456
WeiNing568,123456
WeiNing569,123456
WeiNing570,123456
WeiNing571,123456
WeiNing572,123456
WeiNing573,123456
WeiNing574,123456
WeiNing575,123456
WeiNing576,123456
WeiNing577,123456
WeiNing578,123456
WeiNing579,123456
WeiNing580,123456
WeiNing581,123456
WeiNing582,123456
WeiNing583,123456
WeiNing584,123456
WeiNing585,123456
WeiNing586,123456
WeiNing587,123456
WeiNing588,123456
WeiNing589,123456
WeiNing590,123456
WeiNing591,123456
WeiNing592,123456
WeiNing593,123456
WeiNing594,123456
WeiNing595,123456
WeiNing596,123456
WeiNing597,123456
WeiNing598,123456
WeiNing599,123456
WeiNing600,123456
WeiNing601,123456
WeiNing602,123456
WeiNing603,123456
WeiNing604,123456
WeiNing605,123456
WeiNing606,123456
WeiNing607,123456
WeiNing608,123456
WeiNing609,123456
WeiNing610,123456
WeiNing611,123456
WeiNing612,123456
WeiNing613,123456
WeiNing614,123456
WeiNing615,123456
WeiNing616,123456
WeiNing617,123456
WeiNing618,123456
