WeiNing20,2a0dd517edea439a81fbdd952e3aa9ac
WeiNing0,0196c5ac305d4f588980c616fbc55b73
WeiNing1,36f62d616dc24a658d66d51d0a5c20cb
WeiNing2,38576a9b8aa14a1187f834798f1e998e
WeiNing3,2d2af0d95b014b3886516c81b989d0c0
WeiNing4,27eb8da8ba994d41a19689c5902e7660
WeiNing5,bb844d4f961e492c9670d3aff533032c
WeiNing6,04391baf9b3e4408b8ec656bfc9dc1d3
WeiNing7,6fa63de036144b1e97592393842ab49b
WeiNing8,5859f082dca04ee68327afff777de9a6
WeiNing9,ae50a5f2976640bab0ba4d84e7196f8a
WeiNing10,204d3333f94f472db536fe7ecde13400
WeiNing11,0048e2924e2e4262a024e44d40a3083b
WeiNing12,67c850dcfc8c4c70a0336a5fd3128878
WeiNing13,36e3e936a61b4343bc2e0f0c8e247774
WeiNing14,c2479e0693a04ed885bfa8f57f285a02
WeiNing15,ce66fa0ee96b4090bff5571e601d1703
WeiNing16,5f90806045114fd7a27a0c75c15bab4c
WeiNing17,9c7d1b4550ef41fcac1ad2ea3d8d136c
WeiNing18,90db35165c01463f97609dcb34dd538d
WeiNing19,bba34dacbc534fc196285cb519f2d79c
WeiNing21,4246c62aa5014e679fef9d275e613162
WeiNing22,6fd80bff2b43462b99f227804cc70869
WeiNing23,0b0116f14b9a485faa5837a5144fc61f
WeiNing24,fefda6fbd6c94fb0bd6e9d7b0f1c75ee
WeiNing25,945da720e4264b7f9ba8cef545dc9078
WeiNing26,3c96eecd1bda4a97958814f1d7144171
WeiNing27,e553ad501633408ebc35c73c1c7a2617
WeiNing28,7c01c821567b48e495fd7e44192d023a
WeiNing29,6851dafd8bc04167ae6f66ea4fccdef6
WeiNing30,67339f100bcc47588c5551f4633ff3cd
WeiNing31,fdd55162b06443f09bf35e8e3650263f
WeiNing32,056f54fbd4b04525b222f3ce5b01d8c3
WeiNing33,15c6c653d93b4ac0b3cf8d8de9b5ef17
WeiNing34,0d007ac42b4941b5bfc1f02e933d6d45
WeiNing35,cda3ff4ad8dd49fea6b864d084847833
WeiNing36,2025525105144ff2879c7ce1c8de80f5
WeiNing37,d7cf49c84e4a4e709edb55faa07bc83f
WeiNing38,7040dec2c9cb4be788733ea6cbae4801
WeiNing39,0da6863e9f7d4c0ea521b3cae18256d9
WeiNing40,eeca677fb6ed47dc95bcbd824961b5bf
WeiNing41,4aca102e4bb04e93b374e64dcab9f65c
WeiNing42,236e3b9b620648ada2f69756441a1f7c
WeiNing43,5ff7c30c68d24adfb073209e2203aec8
WeiNing44,c0712077c9154abda7614f24a213d729
WeiNing45,e5f44f33f8d44e08bcede7e7b906c0b0
WeiNing46,b90191b5ea784771b2b8b8385aae3c96
WeiNing47,66bd0fd22052462b9032173c4953ade2
WeiNing48,af01d95fec9f46b0885cecfd0bb3f034
WeiNing49,a9c18cc023004e11b437d7eaa6af52ff
WeiNing50,cb54feb5c30a42c887262430808ecd68
WeiNing51,d42d6780a55644fc8b061e1930af448a
WeiNing52,da8aad19334645aca2f8084d8f6e2278
WeiNing53,1947c79b91614a5b9711e5ace447bd2e
WeiNing54,7060943d43904114bde331521718f973
WeiNing55,b5a14bf6b41a4396a3c402a34b98b076
WeiNing56,db000ae91ff940fea7caa14dc62c68c5
WeiNing57,8c15172ab48b4b30847f381ef2c880d6
WeiNing58,7b22746dfb25462d851a131d1d522d77
WeiNing59,0b8fdc1e56774abc8578af2f173f0161
WeiNing60,c0d1da27dbdc4d45a75e87d8fc883364
WeiNing61,09ad8b0a607042f9a84a574201c83ad2
WeiNing62,3527119711fa4b95951ecc926eb2b64d
WeiNing63,8a779a960e0c400c81263282144ed734
WeiNing64,2df0070cdc284dd1bdcadb8e0711b6dc
WeiNing65,a8674c1750684e899e10180bf94387e4
WeiNing66,83dac2dfa2774da39f59f6f3f115c265
WeiNing67,c5f35f5d44364810b572ff98887b4232
WeiNing68,de5d94efa1fc4f8e9f4124a55fc9b545
WeiNing69,c487eb28530d4b66a42423ab1fcb5a6b
WeiNing70,8e00e915e7a24f218c7655cb28a8cacb
WeiNing71,bd94d3fa445d44a88f7229a1daa7c98a
WeiNing72,35ebb2af0ab04b8e90a5d0f73b1edf8d
WeiNing73,3c15fcd03e98466382141fe92341201a
WeiNing74,6dec537595c146679edba33fcab01dec
WeiNing75,c2f71cb76b3c45e09e7ed339f9333c07
WeiNing76,db6a9466284143f9b191d13977a74e54
WeiNing77,2e01048dcb0c4d7288d1ad7628784064
WeiNing78,b84b800edc52453cbbbe70c79e7e759e
WeiNing79,6a1361fb266e4a44940fab396a584055
WeiNing80,836f50f506e343c589e1633163f9b692
WeiNing81,419f3876d0a34f62b42c7e6a662f8c05
WeiNing82,5ab2d6fb5d404e079bd1f82cebe7dc4c
WeiNing83,6e897ed539814a03a4bfbf2c08933b8c
WeiNing84,af79d93ee3354ad0a7f611951f90d640
WeiNing85,c87c0f0410ca427892f9cda75bdb47f5
WeiNing86,144c5122fb1d4bf8bbb5ea3b043ee3f5
WeiNing87,cf6da3da59b040c1a0b2bf7c69d2e2aa
WeiNing88,10e93d51f0334ccc8483e8bb3f50cd15
WeiNing89,1d511a3d5cd840a3b11b1c89a4ba3402
WeiNing90,d7e4b1532b36468f8c022080425d103a
WeiNing91,4513eb4df8f24bbca55ba46e048147bd
WeiNing92,ceafe79f6fd94f4295b5567a71caa9de
WeiNing93,95b1bd8e9348439b9a59351917b525f8
WeiNing94,8cd3eac3bc174ec9b7d53a399d3f5165
WeiNing95,7c4cffe5f5084ea5bb6abc9590a9604c
WeiNing96,3a9d5496654e4abea72200f4c812a889
WeiNing97,046b9c0044154810a70a7df81deb0424
WeiNing98,755bdbb225e8475d98b31fbc9fec1ea2
WeiNing99,0f4df47350da4a46ae88a706c62461c8
WeiNing100,9b0a5a712064498695f7bd1a86e0e0e3
WeiNing101,481363cc05d5489ebb1ab9d06e2d6e35
WeiNing102,ffb32f2acc0c4c968f94ea33b3d05a1d
WeiNing103,d1efdbccbd9e494cb4269d526d87948a
WeiNing104,2951a2de8d164152ae48f103d41796fe
WeiNing105,3ac0d41550604e658370cdb8107eb9bf
WeiNing106,e9ff0a7d210b40869846e07a7919ea32
WeiNing107,4f8739f715de420f8102a348bb52b939
WeiNing108,72663a6a75c6488ab80befe66bdaa35f
WeiNing109,092f97f4ba19477e9371960bcc398d3f
WeiNing110,312a028b5e764773b35dbc67c288a869
WeiNing111,115375b7153542b3910396a2c6369ecc
WeiNing112,10d78caa75a04479a8dd87a4b437a1e6
WeiNing113,7c3638a8ba0d4ae7aa2cd63958cf1354
WeiNing114,9726268baec341959949d2e8a6f0ef23
WeiNing115,82125557103a4dd2a1b3a9045ff44dc8
WeiNing116,1d906abad957490fbdfc1db1e88f9d7f
WeiNing117,fc79d8da54c74278b2d50824e4585a5a
WeiNing118,9b8d33657f1b4c11820c64ebeb9719aa
WeiNing119,8f0b44500112462da1ce2f0ef1659f93
WeiNing120,28fd16f7678f4112a11e0092193425ba
WeiNing121,7bb42bd843134c33bf9e00c8e95e3a54
WeiNing122,62734ce4111f44bbb9a2c863087536a2
WeiNing123,b38a28fcf76449cf97d3a41b7147297e
WeiNing124,0c2249b7af564eaba57bd6237cff2401
WeiNing125,868d02ce7126489dafeea37fd4d86940
WeiNing126,f4029b6213c84dfe9c456450b105c323
WeiNing127,4676a2d42b3f4f20888049c22eb04602
WeiNing128,c5d831eb1bf4462eb74d8cd23aac9ae4
WeiNing129,46cf521915064c4cab8c37586207080b
WeiNing130,7d0023709a53408ca62368adcb533933
WeiNing131,918b8e3a903c4d2badc6c302e896b35c
WeiNing132,02543dd7d85649b6933c4594b4473776
WeiNing133,6d63d12aa7db498c9d6bf7873b4c3682
WeiNing134,a468aad0747e4f17ad5d6e2506e715f1
WeiNing135,ec7d567d93ed419d8ca2fe10a2d148ff
WeiNing136,fb04ac5fdf72416b90c9b547bd66445e
WeiNing137,d787954488c04140963c909d26d3028c
WeiNing138,fe08d6178e9346ab8dfc222e98e56d2a
WeiNing139,4a0c7fc389254e06ba1e1492d48f501c
WeiNing140,1c36dced3af447f39a9fde9fe6cf409b
WeiNing141,946ddfcefc544c658222ce9136fc4927
WeiNing142,8ad00a4a98fc4823ba1fcf9fd1ac3a81
WeiNing143,e291e4d2de964311948d803f37afdc3c
WeiNing144,ebcf8575119a41a69e25498f657f812d
WeiNing145,88bc9ab018894bf0832396ffd619491b
WeiNing146,b9deed282ce44064888b75bc6be8099c
WeiNing147,dff70bf739a84ed18ee40f7bc153c87d
WeiNing148,9c55fd03339b4f639d97ce0b5830da23
WeiNing149,eeeb3557742e4034944306eaec91e80a
WeiNing150,c2a70b6577734c1aaa31b4338c9d1b71
WeiNing151,7802d0d4dac3418eaf059548acab1944
WeiNing152,9b77bbc4115e4b2a805e28f421ab98ca
WeiNing153,cfe369acb94d474796a54edd0bbd7675
WeiNing154,1fb28a33ade84e7fb34b03edcbb7e4d0
WeiNing155,c7d76af212b54197a3fe4281e5867545
WeiNing156,d3f040559a4c400288c1ba062535d71b
WeiNing157,d728feeb8cea4e14ba9557a7b3addace
WeiNing158,02e6bfd6f6654f379675c4c2cecb6fe5
WeiNing159,19e8a06bf9b344158a55a1437f203557
WeiNing160,0a7de03aac9d47509adb41c37b23815f
WeiNing161,c42ecfad07eb42df801aee2cdb26de14
WeiNing162,0ff098426deb47828029322e37cd0980
WeiNing163,4a815f7da54746fb9f9ae206c5e3bfdc
WeiNing164,d41b40d141c74ca0b561521ae21d354e
WeiNing165,e50e3fc79e774524b0f429ad68ad0adc
WeiNing166,9a5f0f5d88734766adca822fdcb303ab
WeiNing167,8a2d986c66b44ff480fdca6c05c33571
WeiNing168,06499212927b4739ba425d3f0ba34224
WeiNing169,6a5a1cf04189437d9da450ce53cb8e1e
WeiNing170,a30ae82fa4c84178bbf9acd9713f8726
WeiNing171,746782578b694d30ad864ec5bd5e6160
WeiNing172,563fb4968f1e477b8a0b40da3723d893
WeiNing173,a52b7cb3ca2444a7b20219c18410bede
WeiNing174,7b3409f81f1e43fdba3e5e9e70c98588
WeiNing175,14dd9668bfe74e9b8b28317c7f9c48d4
WeiNing176,28f533087039481d98c0ea87e1227f83
WeiNing177,629d06260e974902a6e1bc172e95522b
WeiNing178,2658e6c0eff3426c99804458b82b27d7
WeiNing179,c1bd3296d6994a6da402fc5fc13ee24e
WeiNing180,151a28f7dfb0493c8dc742c59295d728
WeiNing181,ef32b88342ac46578b086fda17b03fe8
WeiNing182,ecb4ae8d6a6a45ec9040b840d5a4b24f
WeiNing183,209109c57ce5423f9d50b223196704d6
WeiNing184,be19701393ed478eb6a1b2da7abd24bd
WeiNing185,f76145e1827c4f909b0fe69c90e0d5b8
WeiNing186,01334c33ccdd4efb8d63a17e2f467dee
WeiNing187,6efb9460aeec412283f1f4c161e045ae
WeiNing188,aec57fba70664ec2a244ef193137f3ed
WeiNing189,41f8baa865a945c198d867df8801d127
WeiNing190,1cd595f2788b4dda9e3432bf3c773594
WeiNing191,63c9fc632206416aa79eee7852677521
WeiNing192,1c62561ec17a459c95a870cf7ef4cb1b
WeiNing193,18fff323506a4a0ebc93d61215e4dd0a
WeiNing194,a0fa9da901db49c590e8f1dc68e674ca
WeiNing195,29de19f1d5474a0abc85674f713634fb
WeiNing196,64f28898cf534310a33e79c43f852946
WeiNing197,26ff0cff8e7a401e915f3f93bdd80b1c
WeiNing198,d1a3375ffbb74943900bc12c2886e9bd
WeiNing199,efa1182ee1fc4026be1a67bcd14e840d
WeiNing200,f9b89f26cb7b4a6ba0cebe5e4d406704
WeiNing201,b6066c8d1a734afc80d5052fceabbc59
WeiNing202,f1612a4527434289bd28fbd9e3d9146c
WeiNing203,b6e377b0a1f842e09dab6bc79987d2d5
WeiNing204,9cabc34ca2634be9b34796a1ff7433dc
WeiNing205,b204334af914464db17b4e072aab24cd
WeiNing206,bf74cb363604423086816f3c5278f391
WeiNing207,b66e90cb4f0a4e398a9c7957bb9ba460
WeiNing208,82cb8b8fc4974be38bcf15c46151e7b4
WeiNing209,f988f8efbe1a43f6a540466897c45a5c
WeiNing210,875fb237d43d4d5791039883b6fc84f8
WeiNing211,062efd89b76842348f8801348b1cbe99
WeiNing212,f2814b4838024d36a7f82e0cd066d48e
WeiNing213,cbdc724499be46b186602a98664806ed
WeiNing214,d789f808c93241fbaa8be5445b1f89e4
WeiNing215,2749a728ce8544358d28d11403568de5
WeiNing216,ffd29216a39a4e0fbb0f5813939e38c1
WeiNing217,e868cd88f06e402d9bfb93c5fb76e4e0
WeiNing218,901d6486422d4256a82b37949173d5cf
WeiNing219,2e19e021b3b34d18993ebae38ad19415
WeiNing220,66f2b9938e954c0d9d4132c89a222a7b
WeiNing221,5d4e9ca709084cfba537fc03b6e8fdb6
WeiNing222,7145fa2373504242a277f97d1b4f8265
WeiNing223,8f1c3b0f3397490583e9e0c60e3e0c89
WeiNing224,b3c0e55e9a7c4b3fbed91e5d8fbc58e5
WeiNing225,ec9fc809a3b74545ac361b79afae7ff3
WeiNing226,57de6afcac2b4afca6d1a06ed35bc563
WeiNing227,4732461c4cc24da5bab5472bb8517a82
WeiNing228,4153a974d63642b683ab4e8a9c93582e
WeiNing229,6944cb6621774ac8812f88daa581133a
WeiNing230,398bb7cffb724694a8c1b2c694fd7521
WeiNing231,22be14b2b55347b797a7d8965cc75d7e
WeiNing232,ea1114149e574c5d9c9bae9d6edbe3f7
WeiNing233,73de27d092dc44fb9dbe9b620e201786
WeiNing234,d6ff2ec147c5497a8629bca7b39f4630
WeiNing235,2bd5c687dff24e4da47c9dce4577eb2b
WeiNing236,1611fa4e8f5c4fe18760a7158cda678a
WeiNing237,1352536fdf584e50a1fecbd005281799
WeiNing238,5957beaf9b8142b186ad63971ee5d6e8
WeiNing239,fc1f9d2602f44be79c277e6a47914dcf
WeiNing240,bb99ef4d6af24e818fd0dc17710acdb0
WeiNing241,7188ad7ab31346b7aab4d8c8d72ad12d
WeiNing242,5d2234fb74e843fda922e987249652e9
WeiNing243,1d75cb5d84cf4f8f8a32f1d9a9dcf696
WeiNing244,01845eb031fd44f79ad2e8fe3424d507
WeiNing245,6e2373ae0239419caefdc615ff3f86c2
WeiNing246,f3fb7f81b9e142678b64fe766a9695fb
WeiNing247,e2b5b1fb9bc64b40af71f061260a818e
WeiNing248,52412ce1058d4b418bed083cee7d4c6e
WeiNing249,2f47497c6c3b49ebabcf541536fae122
WeiNing250,b376864623fe4c068d8826f1d3d99448
WeiNing251,522d575740e24167a1424d97cf2df3ac
WeiNing252,2c3b2fb1b8df4a279097f745410c43ba
WeiNing253,928ec68d22dd402db2bc661b4a1f3612
WeiNing254,e1d43b75c2f740c88a94c6ce6456eff3
WeiNing255,b8179b10f7784fb99f8ee8913ceaf1e8
WeiNing256,869939fa48c04a3bbfcb36a8f3e08049
WeiNing257,e63af7567df847d8b5c647ceda19fcf3
WeiNing258,6e6fdbbfafd74ff59a119033de3e9deb
WeiNing259,707060a1ccfc460aa2ff90b79eeb341e
WeiNing260,d453ef33321445ddbe15109aa6b4c9d0
WeiNing261,309419c773b94458b369926a25ac3f39
WeiNing262,eda4b6697c8b48248614ea2113890bd5
WeiNing263,a4c56b3ce2534047a76ef2c1ab01ed4d
WeiNing264,22a5b48be9564edfab4be35d03d5e196
WeiNing265,8e6d37b64ab84306ae49ba24f7741ce7
WeiNing266,2fc42b91b88046049a18d46268449197
WeiNing267,794c343fd86c40b2b1eb9a8911628ac8
WeiNing268,2e544c8f1fec41a7a8e0a717af95da14
WeiNing269,6c968ed6083b4856a35ecb88a25d2f66
WeiNing270,3d696828ed6f47618fd2543920657d43
WeiNing271,5e326fc4edf644a88a36e65c38ff5d07
WeiNing272,f2c381b3ed004c7588d098182b9f96d8
WeiNing273,e629a7186c6740ef80329f09e500e9d0
WeiNing274,dd8345b8c82c40a9ba4ca013093338f9
WeiNing275,bc6727ce43a74c258e7310f3dbebda3a
WeiNing276,ce429ce05a5745e4b8908e312c6d93b1
WeiNing277,2f0bd251aa2a48f1ac01d0f860f48d56
WeiNing278,b739f9f67b7440818dbe764f6cd15abd
WeiNing279,0c0e5f3d8f104325a2f64052967447c2
WeiNing280,d26f2de1f7c5420d8c676952094755bf
WeiNing281,725336b908dd411ca344f97f69017623
WeiNing282,d274e8804294413c9e58ae0d71e4dda6
WeiNing283,e2220872d6724c9394b07bde01bb0025
WeiNing284,f88064efcc334033bd3c594390cfe698
WeiNing285,b9c62a230fee412dab7061b1802f1551
WeiNing286,f53419fe6c5e4eb886d6ac515989a4f4
WeiNing287,fedd4dc3c7c146d0b996e7a216873ad2
WeiNing288,2652fd5d1f2d47e59d0815f5f6e79dec
WeiNing289,72a0a2644d0049c9944d2d6aafbdf918
WeiNing290,9d7f51bf3ef74156960ce000b58a208f
WeiNing291,e52f78f6f15749e4ad3a00589950c63b
WeiNing292,0e628a5edebb485188f039f54f457ab5
WeiNing293,ff4687f7ddfa44cdb2dd4d7affdbc81d
WeiNing294,1877037b86e84d589fd823501135bade
WeiNing295,70a799b5c7fc4266907c369ab36a9676
WeiNing296,d7fba4b0147f4939bdff451e0abae864
WeiNing297,1f6e270cf2db4815a40194eced2a97b3
WeiNing299,d32faca595664702901dc42b276cfa31
WeiNing300,868cd3a2e12f438eacfa6f99d13de980
WeiNing301,202638893a5848d995293070589e42c9
WeiNing302,193f129545d24e7a91b1c495e34c382e
WeiNing303,f5e38d7bd3794e1a9690f958b0022c1b
WeiNing304,df2c38e0c88049e8b4e3ad256f86fcbd
WeiNing305,8da18c6046854f9c88b1ec1b8c39048e
WeiNing306,f3ad2318d6574d3f8fc3336788148be2
WeiNing307,b79d4d39a46c4344a5557bfc7ab84707
WeiNing308,146c4ec08ca042f18cc3cfd64f8c11ee
WeiNing309,87ecc6f4807b49c99f20219685b2c4ad
WeiNing310,043a9431313b440b8138594732484026
WeiNing311,ba66ef0713d242238002ff75b61e6723
WeiNing312,0d7b0a87852b4e02897137e73723fcc6
WeiNing313,c177936f1a67476ca031fd745c8661ca
WeiNing314,cffe5cb7ca7246518e7b867e224393a0
WeiNing315,cc90545a6f3543418961b4a42fdac128
WeiNing316,45c4b51f29724f0abf264fa8d4a1dc25
WeiNing317,a5402ab6b4894afda77d34e8050ea7e4
WeiNing318,1e6bd38ebcfa44d892848efe4a00f4aa
WeiNing319,73d42f78721b40d2bb461331e8203e1d
WeiNing320,5cfdbc922c324d76ad958a4980bcba1c
WeiNing321,9e313bf4019248ed8d36cafd7411ee30
WeiNing322,6c05c56409514ec392d2244993ec93d1
WeiNing323,0fbb879cf8c1485da7c375ea83836518
WeiNing324,206ab3dbb4c843459500ee52b5346fa4
WeiNing325,42a44becc1114e898102b78788d9d1c3
WeiNing326,c752cc4699c3419a89fa942c3affb036
WeiNing327,ea51e270118b4a2a86ff92273806e8b5
WeiNing328,5fbb7f72d452460a8f6627302f0dc7cc
WeiNing329,79560b2c8da548f5b6e817c7d93408cd
WeiNing330,29c9db8848534dec8523cf68e63acc40
WeiNing331,fb0b671df9534988a42d26ab9d7b9abe
WeiNing332,63a12c95a6364e75a6a4a9dd363e31be
WeiNing333,7ce9e5ef185847c1b563769f762f8bbb
WeiNing334,8d83508530094ee29afe4bac13b7fd82
WeiNing335,8de27accf01b40c2a084720f4199505f
WeiNing336,f19dd715664645c7b5167aea4a257014
WeiNing337,ab1975d24570413b98acc3171d429149
WeiNing338,66f75bbdc27641bf80be97292227b5d2
WeiNing339,e7d101c7ca814903b67aa4649576905f
WeiNing340,71a3d21e0a4f4d1e9ffdd69e53c49063
WeiNing341,fc16e372cd3c40298a90f4667d3323e2
WeiNing342,7ee393a41d944dd890abf56c0343af88
WeiNing343,fbbbe29ff3d440ec96cfb1c8e366eaad
WeiNing344,b3c9051c77c3420ab7940c14fd2efd4f
WeiNing345,43569bc0f4604f1a9644486b66a4f4d9
WeiNing346,409f17df280342e5a08fba3b8f956402
WeiNing347,a011f5505bba4520a66efc19346f3c89
WeiNing348,7fe3a14d3c8c4712a63df89df5e5263e
WeiNing349,8324215ae63d459ead4b51b53cfe49eb
WeiNing350,85bba8b22bf14e278f0d915f70eb7bba
WeiNing351,421a7f0c28954b53b3f32c7e0adf9b8a
WeiNing352,b2799db5657b4c928211db1a99466375
WeiNing353,4924a9ec91b54df7999e72e0898dec79
WeiNing354,e269dc0df0194460bd3a53de1705a9e1
WeiNing355,bc1e1bb8bcf24336b2eece52e7156c36
WeiNing356,64a46616d2b847d7b23e6c15bcdeae91
WeiNing357,67d2254c69814b6f88e35b4021374a44
WeiNing358,9119a1f1a724438bbd6be7b8127cf3f4
WeiNing359,45600b7674ca489f987264f6c9914129
WeiNing360,a29c8c133c984e3fb702187b06e131fb
WeiNing361,3adf4aa46cae4d1fa3952f079f4f577c
WeiNing362,17194f0057a24abaa19222349acd1db5
WeiNing363,32629ec9583849c08ecd0285abea3260
WeiNing364,484d019247c8453ba2ec7810fcaa4910
WeiNing365,1b606a582f104adda3168e76cb5132e6
WeiNing366,b1b421e25f984f54a559206fa67de9e2
WeiNing367,de5aab186a3946909220a7eea39b3614
WeiNing368,52e01c4dacbd48119160bb31cca8d25f
WeiNing369,97cf0d6a2763483bb2ed9613360627de
WeiNing370,959901fab9f44a1fb4d30ee88d15999e
WeiNing371,f6452bc84e4f409e83966bc3359c8957
WeiNing372,82a379376eb34fe2965b83333019344c
WeiNing373,d452b3a9a2624fc3b04443357a8d4371
WeiNing374,a11df67a32754ce98d269318cca80256
WeiNing375,8b2bef9432d94b468edaadd86fb00a30
WeiNing376,bf021e88964e4009b6d677c7b8643cba
WeiNing377,670d9b400c904e00a6169f31b6d0d5a6
WeiNing378,3e139a55f771433d8e7b72d18e6c4853
WeiNing379,0f88d58933a244229daf39bdd883355e
WeiNing380,e591fcabeccc46b5accc17387460c7f9
WeiNing381,74dad81632e84969b92cc7b6e9e58b9b
WeiNing382,e6ffb66372a1424695e22cf1c5e3fd5a
WeiNing383,5871c248dab44565bda9a81ae7a8b9e6
WeiNing384,2b77bafc11da44ad8f9aab8eb8152495
WeiNing385,79dc87f8f3fa4e54b9bc1ba6d69fb138
WeiNing386,7f41372c171c40ec8b3e1e0c9a5d6a4b
WeiNing387,4b2d8687ff164476a27b6f2beaff9079
WeiNing388,c90f7f838dae4691bdbcf814ed15688e
WeiNing389,715e4d28c6494bcb986a67ca47d8c60c
WeiNing390,374b31ea263f4c4692752e64b89cf061
WeiNing391,4e5f4e07a91544c3a2768bd2e7faccf7
WeiNing392,e454e84ba2274223adb7808cda5245b7
WeiNing393,4e9c142a0acc406b9809d61a0877f95d
WeiNing394,f8c3430708af4fb08fcedd6bd1fd7927
WeiNing395,f16a561022f64a7991ed0473c5e27bfb
WeiNing396,0d53a7321cc943d1b85564156d193e68
WeiNing397,fd8f817ef5384a8d9428e3a0849adebb
WeiNing398,f9c9598778e34f27b6a35419c2bcfc4d
WeiNing399,9ef59a05fda743fc8d1f62a965d70350
WeiNing400,4b34f40947034b63bc8168b579291949
WeiNing401,2b60b56cb7724008b3906cb5482eb2e8
WeiNing402,d733f609a9e246b5b14171a34d6d5709
WeiNing403,565b0c7b875942e4ae67b7774d26106c
WeiNing404,4278831c1b64473fb1c609b140c6f61c
WeiNing405,cdd017f9f65a4b1882fc31854ba907e6
WeiNing406,dc49f8d26bae41b4bb7319b046f38e8d
WeiNing407,1f523b6e73f84b1c8414105254c035b7
WeiNing408,e03af547f4b24e56a33bf31f56867dc8
WeiNing409,852864c6427a4282b0c1575d57b5decc
WeiNing410,c032bf8aa47248e18dc4ff1734a9cd55
WeiNing411,dd9d99c915b8408097bd7464a8b779eb
WeiNing412,75ea5fb8240c4701bf5e836a2ad7a1d9
WeiNing413,016327aabafb45bd8628737b7c74d6d7
WeiNing414,f7b99d2d3289470e853170894fc0ce04
WeiNing415,bcc650e8b6314150bca289f95d6a3f7d
WeiNing416,20c7756e087443c39f86c0c2a0bb5179
WeiNing418,1fcf91387952469e898d9a7c172eff1f
WeiNing419,a55bde53201b4962ae554f24508c0d8c
WeiNing420,6fde2dc00d4343478d3b5d4f0b5361e9
WeiNing421,df653bc65b6d4dd59256827b71dbf500
WeiNing422,3d8a1fa599934e668d6d4e6fe972d5fd
WeiNing423,99c821bec75e49c394f92cbacbc871f3
WeiNing424,b494ed90226e408fb6b3bb460a66061d
WeiNing425,70f7bd6e148a4d59874822471381e472
WeiNing417,0561cadd83d448a994437f0e9a6a0def
WeiNing426,5bf2209842f14a0e9cd7d48dc06039d7
WeiNing427,be721bf7b8744e78b56260677fe23ff4
WeiNing428,de69a778bdb941d8a041ac30f464331d
WeiNing429,8ad56ab408244d3abca99bb86e3fdcd2
WeiNing430,b9481e7fc4754e4f98bd3dbf6f954afa
WeiNing298,dfb4015ee8dd4a9789e1f08c198b32ed
WeiNing431,2eae0c657aba4a5ba4452afb0a1c04e4
WeiNing432,14986269334d4e1ba09a10b5f82b8520
WeiNing433,8253df35d052429d9b9cc8342ee4defc
WeiNing434,f8ca3ed8dbd44571bed82df33ee85cc9
WeiNing435,d214a812dded4112b81ba99626b1da99
WeiNing436,1890aa87c79c47f7b7472a84afc63388
WeiNing437,83a6621e666745aa856e4ecc7c5681a4
WeiNing438,c9475b0fcb33456d97c7bd0f5726effd
WeiNing439,3008ad12d61b439b93f4fab6db2111b4
WeiNing440,aeceff6143894a05b6276c5a5e47a84d
WeiNing441,cf776972a1f54d19aea46bf1c98ba1d0
WeiNing442,3315e372cd9d448c8337ee8a920fc4f9
WeiNing443,69a89e874ba445978ed9f48446967f0d
WeiNing444,2c114521db944fd597218e96ea23a40e
WeiNing445,03d83d01568740a8a1f5057c5c49b9fd
WeiNing446,3b8920b6490b45fa9673a8a718051bd0
WeiNing447,3253e8cab14347c8be06ee161304947d
WeiNing448,3af4c5041c214ade9c58a930be1521ca
WeiNing449,36f212aebe214db8962752f272140707
WeiNing450,647043e3fbd143eca82a61690f1a74e2
WeiNing451,fe40aa60d3e24c68b122279e2c8d5356
WeiNing452,2b116e926d1b4079a5068069a4a8264c
WeiNing453,03eb7dfdd3014032b6c0b1dd0cd8e473
WeiNing454,9ba516d16533420486a7d78b5fcfa09d
WeiNing455,a94e5a106d8b4eaf99a07380bba90d29
WeiNing456,9f221a87697845fe82b6d61892257ebb
WeiNing457,7fdf7418965c493aabb69b5fc283330d
WeiNing458,634e8c468a534f52b91dbc12bebff764
WeiNing459,a2149fb3edff4ad1ac408996787bc3ab
WeiNing460,98423b57b7a24e8b8ae1faa15d4bdef3
WeiNing461,95abd8c3b05149c1b4aee2aa91732820
WeiNing462,390d958cf0824373a1ee805d37ce2da7
WeiNing463,49a87296917c40d0a4ea8fb48cc56ed0
WeiNing464,17ae41bf0fe342868dcfaa49d141944f
WeiNing465,edc26e4b83b649e6a2d40dfa15cead6e
WeiNing466,573e882d919c4c33806e54b615678288
WeiNing467,7955ee49c3dc4833a6a3b38519bc7a8e
WeiNing468,d8df4ab80ee5449fbb739213cae0355a
WeiNing469,53798e51a7b048c5927cc854c5335b9a
WeiNing470,59c1e3015f04445abfa83e29624fc082
WeiNing471,0acb2724b934477ca9bbac368c0fcdbc
WeiNing472,cfe7c697368340a29d983dab6dd0efe9
WeiNing473,374d937e45754cfe907698c1fc446e8f
WeiNing474,0e38461f9d6b45daa35fcbf90e439e9a
WeiNing475,aa01a82cc11e4585939987b3c17769dc
WeiNing476,fae1d0a045e14d6ba32616bb4bcbdf7b
WeiNing477,72e86eee9b2040b792bb258cce84014f
WeiNing478,fc64e2e0d3be4e748ce893a377f6f8dd
WeiNing479,7ffc8eccfdb5410a8a1c383145ccec9b
WeiNing480,06baf05f2c424a1787a16fce2620d38f
WeiNing481,f1bf7e15a0174dcb8e6b3dee8de87902
WeiNing482,4f29d19ba2c44a41ad72d50c1cecd232
WeiNing483,53c35c8016fd4fb98b2a0d25fc5f0e82
WeiNing484,b7f0ceb490ad4b57aad5029bc2031e31
WeiNing485,9e42dcc9290e40ea8df0492b3c7d3d49
WeiNing486,d5c7e22dd5a04ae5b8e054dfb8f8805d
WeiNing487,f5eabe4400344fa3962ffbcd13ed6d3f
WeiNing488,932be863b2644e14ab73e7cd4d4ce4cd
WeiNing489,6ad5b8ab44e0455299140b3cea70f1ca
WeiNing490,d3983dae2504423fb97c3d23fef1b99e
WeiNing491,855b396a6ffc49cc849f3fe0e971224a
WeiNing492,cce28234b5d741ad96a39824e9104a44
WeiNing493,1d4d42136ee84a4f86ee4c47ecc20e80
WeiNing494,21bd1e5756644e82b4f75fda25fdbd3d
WeiNing495,28e21f5fffe9443b8030a4fcb45d49c3
WeiNing496,4f5c9deae3a042df86e86648e40d4e85
WeiNing497,217f716b334f464ea6a694ac9e057160
WeiNing498,9b44c49dea24408b9fa80136e43e5824
WeiNing499,3f1e1bc8082347dea92982ddb3908336
WeiNing500,53087f282e5043d9b1dfebc1fb8740a5
WeiNing501,69acae676fac4d9a81b69e4f4e1b3141
WeiNing502,75149de5cc134626b3d7a6b82e37e40e
WeiNing503,29471292f3fe497687e10502149aa7f9
WeiNing504,01a2d06f61f24d28ae9201867f406460
WeiNing505,4c88a27272c247269e358cd43c36b688
WeiNing506,907c46e9f7f14fcc9ee17ff305f9905e
WeiNing507,4f49773b115b43b0862055ff7f1013ca
WeiNing508,8213c1db72984c80a79638d50f801d25
WeiNing509,51af16467eeb4174969fbe8561a251cb
WeiNing510,968b0fe8e6da49699e22fa1d397b4663
WeiNing511,7ce082ec179a477184b411236c32b5a0
WeiNing512,672c50fbf6a94d7ab5f5e3eeba2ce791
WeiNing513,8b61d8e9111e4cdfb0c5b628706c2851
WeiNing514,0fb19432433d4258b97ca2d1b9ba25e6
WeiNing515,b49d7b863c614d0d81fcc52dc56d7b42
WeiNing516,21c84609e1884b4fb11c2d11c2e4a453
WeiNing517,480c0ed3dfef47b994b525f80356f086
WeiNing518,d352295d59fd4cc5bdc0fa9b2f4f0808
WeiNing519,414df0db35204a0d951292a45a564101
WeiNing520,114eb72dfd1a48bc93732e56a1f95ceb
WeiNing521,a5b65e5640994b4687f534593aef94e9
WeiNing522,f7054f642ab14d698d240fb68608c342
WeiNing523,17b32281ff18415faf311c511ad5613a
WeiNing524,a1128cd560aa4397aa772379d7cddcd7
WeiNing525,2f82815cbd944651b409d2236b545dc4
WeiNing526,748ae2e70c1d4252884cd3b9ff6cb9b4
WeiNing527,4263c8392d244b3fa48e7acdd064b0e3
WeiNing528,7986f9092c84417caf6ffc2a14cc8d20
WeiNing529,54fd83cda3ad40238dd012ea78dc05a7
WeiNing530,4bfcafb693d84cd5afbd8188a1ad633a
WeiNing531,a9b87ccf153a4096975591f1e144143c
WeiNing532,c5c4121970fd4cf8be180bfc439ceb5c
WeiNing533,7d59e20ce0b04d5ab4ca18d08f8c32d1
WeiNing534,3a88c5470e5d4f1197594c5eded6a49b
WeiNing535,ba15f68d73d04e8796ef751d6996e9b3
WeiNing536,1e89232403a7480e9cdb029430756031
WeiNing537,9f45eb6d644a4270be240b61e206aaf7
WeiNing538,87556010d0cc47d3b04c7595ee389dd4
WeiNing539,960d049a76804140aa1912ef08fbaab1
WeiNing540,d966544878834b18891066b09a6b4227
WeiNing541,7e3ee82c48f94572a90287be4d11ba0a
WeiNing542,06c338440b044d6cab217fc7559d58f5
WeiNing543,1fd4c1fb9ee14e3b9f7bc2a96767ea8d
WeiNing544,0be8f93bc1924c70af6a4a0bc5aefbaf
WeiNing545,e4785fc2e3284930bd05c59c98d5d1ca
WeiNing546,c677eb026a3746d9a6191bd94db124e2
WeiNing547,bfe0688f71714441bb4dd8cc4b8457ef
WeiNing548,584033e7db454db4b1d9a982795dfac2
WeiNing549,a3a90df6ff8043318048be3415dc1e15
WeiNing550,0271ec0ff39a4754b0fc79aa41b5132f
WeiNing551,f97e6fb3ff7644b383b51b021cabfca9
WeiNing552,0df2d9405a584be89e05217b4dc4cf76
WeiNing553,2ba6bb44359b452585561fee17602327
WeiNing554,091dcbd6ddd84f69b371eedebd063287
WeiNing555,d30657af5f7f4ad1b93ec264c020601b
WeiNing556,8e3b8a992b0a44eab87eacda6f4b7deb
WeiNing557,e6463ab465cc4827ad7ba8cbff03b11e
WeiNing558,2950fced643943a9b8fcec41f3ba1513
WeiNing559,f8c11a88f3134040a0240c81e7c3284c
WeiNing560,d12d6355952b4d5796bac5242feeadf0
WeiNing561,faf3b9d066da4cdc849156f0a9d999ff
WeiNing562,f3c171cc0efe43efbfee9f51a9f6fad2
WeiNing563,f708aa722c1f4343a4cc8825cca4908e
WeiNing564,badea7c7239f474d8353b63162422965
WeiNing565,7f57fa27bd6347959c6ce4ff426f829c
WeiNing566,5ba657449ff949bc9a0be0bba717f38e
WeiNing567,541c122288fb4ca9be1f9b24de9c206f
WeiNing568,c4814bd3bb5642cca5171f3e958f60b3
WeiNing569,4ea343617b2540ecab24afdb07abd26b
WeiNing570,18c578d413454b7ca10d2d487154a7f2
WeiNing571,cb3ae0044ae548ecb581c94e6882886f
WeiNing572,ba9b4f3511634af591ef4e595bb825da
WeiNing573,6c2d9b8e10d943cd846307a7da8cf9f7
WeiNing574,486581d2b29342329e9892ef9d815719
WeiNing575,c64750aec21e4b478ea60698c0a29136
WeiNing576,95f5a29b91224fa194bcb990df7b5e27
WeiNing577,7bdeca3c639d43f798ac876f0f0ca2de
WeiNing578,85f317e3cd5c4af9a524f4cbde38a3ef
WeiNing579,50464eb0935b48329b0fd24999e22f8a
WeiNing580,51393b12259443c68003b197d4d0d841
WeiNing581,e70317652e5848089f54cb1174efc5f5
WeiNing582,e2781586a0864fde8d2b2ea2d53be907
WeiNing583,df164c79dee441fc8004ee71def15f5e
WeiNing584,ffd4569680a2416cbaf6dff08e657b6a
WeiNing585,8a537d9152c64180a8cd5894ef076a40
WeiNing586,40c874b5f4e14ffbafe03c70d33f6688
WeiNing587,0d83a3be372b4164b54443439ac4b119
WeiNing588,5a2bc21a98254e868fb12643a3c2c47f
WeiNing589,805a8162ca864769a439413f1e5e6c5e
WeiNing590,b8697fdd88a14e81a953107c551b7093
WeiNing591,1d9a0fd0341e4ccd93e8973dad5ca130
WeiNing592,8e270467c46e476a8e7f3a987554cb7c
WeiNing593,a5a456eaf0d840a8895efdfa8e9efb33
WeiNing594,177a201d1e854b25bb4b8d18a3428c61
WeiNing595,62802c371fdf45fd9033d029712e9306
WeiNing596,772f82c77d124f60bfd3728bd7ee9b66
WeiNing597,60e91e99548e42d6ad56ae8c67098ef9
WeiNing598,a1fb70dbc081475a85b30ea56c163b4f
WeiNing599,430d176f01484550a2a9152c92cf5fa5
WeiNing600,15500017e57a4345b14c333f983e2d6e
WeiNing601,2dd08f282a024f4f8f78269a64c4f892
WeiNing602,f538a5313242430ca54afa387abc9836
WeiNing603,601731ee06fb476b8d69c7d4fc98d39e
WeiNing604,2e926827b3904b4382758e3d4eb2f04c
WeiNing605,bfd7241c767d4e8bbe4b9eb65bb560df
WeiNing606,9c1d118c5c19456a9924abd14b662a39
WeiNing607,1524950343d14d73b1b5dc71e94a5c28
WeiNing608,e21e0e6780cf4ad5808eca70402c1de4
WeiNing609,c2a59c7da27743b8930b23bfd2bef9fb
WeiNing610,d200ae2d05b44c03a791bff6dbd259c5
WeiNing611,36a5aff95a844a08a3f85dc6fc53506e
WeiNing612,c37d9a23dbad41cfa216d864db9432cd
WeiNing613,6cb85911654045a7957c2fd037fdcdef
WeiNing614,84336185801240ab971055ad27805d4f
WeiNing615,da5bc56c94274ddbb53b1822c01448bb
WeiNing616,d42d8ac5f7ee4bbabeadf576e98bb29b
WeiNing617,f6f8617d0be148b68f032bca3ecc10b5
WeiNing618,a1a0fb5066e04e4c8f9344c0735b231b