xtcAuto200,123456
xtcAuto200,123456
xtcAuto2,123456
xtcAuto2,123456
xtcAuto2,123456
xtcAuto2,123456
xtcAuto2,123456
xtcAuto2,123456
xtcAuto2,123456
xtcAuto2,123456
xtcAuto2,123456
xtcAuto2,123456
xtcAuto2,123456
xtcAuto1,123456
xtcAuto600,123456
xtcAuto0+1,123456
xtcAuto0+1,123456
xtcAuto0,123456
xtcAuto1,123456
xtcAuto2,123456
xtcAuto3,123456
xtcAuto4,123456
xtcAuto5,123456
xtcAuto6,123456
xtcAuto7,123456
xtcAuto8,123456
xtcAuto9,123456
xtcAuto10,123456
xtcAuto11,123456
xtcAuto10,123456
xtcAuto11,123456
xtcAuto12,123456
xtcAuto13,123456
xtcAuto14,123456
xtcAuto15,123456
xtcAuto16,123456
xtcAuto17,123456
xtcAuto18,123456
xtcAuto19,123456
xtcAuto20,123456
xtcAuto21,123456
xtcAuto22,123456
xtcAuto23,123456
xtcAuto24,123456
xtcAuto25,123456
xtcAuto26,123456
xtcAuto27,123456
xtcAuto28,123456
xtcAuto29,123456
xtcAuto30,123456
xtcAuto31,123456
xtcAuto32,123456
xtcAuto33,123456
xtcAuto34,123456
xtcAuto35,123456
xtcAuto36,123456
xtcAuto37,123456
xtcAuto38,123456
xtcAuto39,123456
xtcAuto40,123456
xtcAuto41,123456
xtcAuto42,123456
xtcAuto43,123456
xtcAuto43,123456
xtcAuto43,123456
xtcAuto44,123456
xtcAuto45,123456
xtcAuto46,123456
xtcAuto47,123456
xtcAuto48,123456
xtcAuto49,123456
xtcAuto50,123456
xtcAuto51,123456
xtcAuto52,123456
xtcAuto53,123456
xtcAuto54,123456
xtcAuto55,123456
xtcAuto56,123456
xtcAuto57,123456
xtcAuto58,123456
xtcAuto59,123456
xtcAuto60,123456
xtcAuto61,123456
xtcAuto62,123456
xtcAuto63,123456
xtcAuto64,123456
xtcAuto65,123456
xtcAuto66,123456
xtcAuto67,123456
xtcAuto68,123456
xtcAuto69,123456
xtcAuto70,123456
xtcAuto71,123456
xtcAuto72,123456
xtcAuto73,123456
xtcAuto74,123456
xtcAuto75,123456
xtcAuto76,123456
xtcAuto77,123456
xtcAuto78,123456
xtcAuto79,123456
xtcAuto80,123456
xtcAuto81,123456
xtcAuto82,123456
xtcAuto83,123456
xtcAuto84,123456
xtcAuto85,123456
xtcAuto86,123456
xtcAuto87,123456
xtcAuto88,123456
xtcAuto89,123456
xtcAuto90,123456
xtcAuto91,123456
xtcAuto92,123456
xtcAuto92,123456
xtcAuto93,123456
xtcAuto94,123456
xtcAuto95,123456
xtcAuto96,123456
xtcAuto97,123456
xtcAuto98,123456
xtcAuto99,123456
xtcAuto100,123456
xtcAuto101,123456
xtcAuto102,123456
xtcAuto103,123456
xtcAuto104,123456
xtcAuto105,123456
xtcAuto106,123456
xtcAuto107,123456
xtcAuto108,123456
xtcAuto109,123456
xtcAuto110,123456
xtcAuto111,123456
xtcAuto112,123456
xtcAuto113,123456
xtcAuto114,123456
xtcAuto115,123456
xtcAuto116,123456
xtcAuto117,123456
xtcAuto118,123456
xtcAuto119,123456
xtcAuto119,123456
xtcAuto120,123456
xtcAuto121,123456
xtcAuto122,123456
xtcAuto122,123456
xtcAuto123,123456
xtcAuto124,123456
xtcAuto125,123456
xtcAuto126,123456
xtcAuto127,123456
xtcAuto128,123456
xtcAuto129,123456
xtcAuto130,123456
xtcAuto131,123456
xtcAuto131,123456
xtcAuto132,123456
xtcAuto133,123456
xtcAuto134,123456
xtcAuto135,123456
xtcAuto136,123456
xtcAuto137,123456
xtcAuto138,123456
xtcAuto139,123456
xtcAuto139,123456
xtcAuto140,123456
xtcAuto141,123456
xtcAuto142,123456
xtcAuto143,123456
xtcAuto144,123456
xtcAuto145,123456
xtcAuto146,123456
xtcAuto147,123456
xtcAuto148,123456
xtcAuto149,123456
xtcAuto150,123456
xtcAuto151,123456
xtcAuto152,123456
xtcAuto153,123456
xtcAuto154,123456
xtcAuto155,123456
xtcAuto156,123456
xtcAuto157,123456
xtcAuto158,123456
xtcAuto159,123456
xtcAuto160,123456
xtcAuto161,123456
xtcAuto162,123456
xtcAuto163,123456
xtcAuto164,123456
xtcAuto165,123456
xtcAuto166,123456
xtcAuto167,123456
xtcAuto168,123456
xtcAuto169,123456
xtcAuto170,123456
xtcAuto171,123456
xtcAuto172,123456
xtcAuto173,123456
xtcAuto174,123456
xtcAuto175,123456
xtcAuto176,123456
xtcAuto177,123456
xtcAuto178,123456
xtcAuto179,123456
xtcAuto180,123456
xtcAuto181,123456
xtcAuto182,123456
xtcAuto183,123456
xtcAuto184,123456
xtcAuto185,123456
xtcAuto186,123456
xtcAuto187,123456
xtcAuto188,123456
xtcAuto189,123456
xtcAuto190,123456
xtcAuto191,123456
xtcAuto192,123456
xtcAuto193,123456
xtcAuto194,123456
xtcAuto195,123456
xtcAuto196,123456
xtcAuto197,123456
xtcAuto198,123456
xtcAuto199,123456
xtcAuto200,123456
xtcAuto201,123456
xtcAuto202,123456
xtcAuto203,123456
xtcAuto203,123456
xtcAuto204,123456
xtcAuto204,123456
xtcAuto205,123456
xtcAuto206,123456
xtcAuto207,123456
xtcAuto208,123456
xtcAuto209,123456
xtcAuto210,123456
xtcAuto211,123456
xtcAuto212,123456
xtcAuto213,123456
xtcAuto214,123456
xtcAuto215,123456
xtcAuto216,123456
xtcAuto217,123456
xtcAuto218,123456
xtcAuto219,123456
xtcAuto220,123456
xtcAuto221,123456
xtcAuto222,123456
xtcAuto223,123456
xtcAuto224,123456
xtcAuto225,123456
xtcAuto226,123456
xtcAuto227,123456
xtcAuto228,123456
xtcAuto229,123456
xtcAuto230,123456
xtcAuto231,123456
xtcAuto232,123456
xtcAuto233,123456
xtcAuto234,123456
xtcAuto235,123456
xtcAuto236,123456
xtcAuto237,123456
xtcAuto238,123456
xtcAuto239,123456
xtcAuto240,123456
xtcAuto241,123456
xtcAuto242,123456
xtcAuto243,123456
xtcAuto244,123456
xtcAuto245,123456
xtcAuto246,123456
xtcAuto247,123456
xtcAuto10,123456
xtcAuto11,123456
xtcAuto11,123456
xtcAuto12,123456
xtcAuto13,123456
xtcAuto14,123456
xtcAuto15,123456
xtcAuto16,123456
xtcAuto17,123456
xtcAuto18,123456
xtcAuto19,123456
xtcAuto20,123456
xtcAuto21,123456
xtcAuto22,123456
xtcAuto23,123456
xtcAuto24,123456
xtcAuto25,123456
xtcAuto26,123456
xtcAuto27,123456
xtcAuto28,123456
xtcAuto29,123456
xtcAuto30,123456
xtcAuto31,123456
xtcAuto32,123456
xtcAuto33,123456
xtcAuto34,123456
xtcAuto35,123456
xtcAuto36,123456
xtcAuto36,123456
xtcAuto36,123456
xtcAuto37,123456
xtcAuto38,123456
xtcAuto38,123456
xtcAuto39,123456
xtcAuto40,123456
xtcAuto41,123456
xtcAuto42,123456
xtcAuto43,123456
xtcAuto44,123456
xtcAuto45,123456
xtcAuto46,123456
xtcAuto47,123456
xtcAuto48,123456
xtcAuto49,123456
xtcAuto50,123456
xtcAuto51,123456
xtcAuto52,123456
xtcAuto53,123456
xtcAuto54,123456
xtcAuto55,123456
xtcAuto56,123456
xtcAuto57,123456
xtcAuto58,123456
xtcAuto59,123456
xtcAuto60,123456
xtcAuto61,123456
xtcAuto62,123456
xtcAuto63,123456
xtcAuto64,123456
xtcAuto65,123456
xtcAuto66,123456
xtcAuto67,123456
xtcAuto68,123456
xtcAuto69,123456
xtcAuto70,123456
xtcAuto71,123456
xtcAuto72,123456
xtcAuto73,123456
xtcAuto74,123456
xtcAuto75,123456
xtcAuto76,123456
xtcAuto77,123456
xtcAuto78,123456
xtcAuto79,123456
xtcAuto80,123456
xtcAuto81,123456
xtcAuto82,123456
xtcAuto83,123456
xtcAuto84,123456
xtcAuto85,123456
xtcAuto86,123456
xtcAuto87,123456
xtcAuto88,123456
xtcAuto89,123456
xtcAuto90,123456
xtcAuto91,123456
xtcAuto92,123456
xtcAuto93,123456
xtcAuto94,123456
xtcAuto95,123456
xtcAuto95,123456
xtcAuto96,123456
xtcAuto97,123456
xtcAuto97,123456
xtcAuto98,123456
xtcAuto99,123456
xtcAuto100,123456
xtcAuto101,123456
xtcAuto102,123456
xtcAuto103,123456
xtcAuto104,123456
xtcAuto105,123456
xtcAuto106,123456
xtcAuto107,123456
xtcAuto108,123456
xtcAuto109,123456
xtcAuto110,123456
xtcAuto111,123456
xtcAuto112,123456
xtcAuto113,123456
xtcAuto114,123456
xtcAuto115,123456
xtcAuto116,123456
xtcAuto117,123456
xtcAuto118,123456
xtcAuto119,123456
xtcAuto120,123456
xtcAuto121,123456
xtcAuto122,123456
xtcAuto123,123456
xtcAuto124,123456
xtcAuto125,123456
xtcAuto126,123456
xtcAuto127,123456
xtcAuto128,123456
xtcAuto129,123456
xtcAuto130,123456
xtcAuto131,123456
xtcAuto132,123456
xtcAuto133,123456
xtcAuto134,123456
xtcAuto135,123456
xtcAuto136,123456
xtcAuto137,123456
xtcAuto138,123456
xtcAuto139,123456
xtcAuto140,123456
xtcAuto141,123456
xtcAuto142,123456
xtcAuto143,123456
xtcAuto144,123456
xtcAuto145,123456
xtcAuto146,123456
xtcAuto147,123456
xtcAuto148,123456
xtcAuto149,123456
xtcAuto150,123456
xtcAuto151,123456
xtcAuto152,123456
xtcAuto153,123456
xtcAuto154,123456
xtcAuto155,123456
xtcAuto156,123456
xtcAuto157,123456
xtcAuto158,123456
xtcAuto159,123456
xtcAuto160,123456
xtcAuto161,123456
xtcAuto162,123456
xtcAuto163,123456
xtcAuto164,123456
xtcAuto165,123456
xtcAuto166,123456
xtcAuto167,123456
xtcAuto168,123456
xtcAuto169,123456
xtcAuto170,123456
xtcAuto171,123456
xtcAuto172,123456
xtcAuto173,123456
xtcAuto173,123456
xtcAuto174,123456
xtcAuto175,123456
xtcAuto175,123456
xtcAuto176,123456
xtcAuto177,123456
xtcAuto178,123456
xtcAuto179,123456
xtcAuto180,123456
xtcAuto181,123456
xtcAuto182,123456
xtcAuto183,123456
xtcAuto184,123456
xtcAuto185,123456
xtcAuto186,123456
xtcAuto187,123456
xtcAuto188,123456
xtcAuto189,123456
xtcAuto190,123456
xtcAuto191,123456
xtcAuto192,123456
xtcAuto193,123456
xtcAuto194,123456
xtcAuto195,123456
xtcAuto196,123456
xtcAuto197,123456
xtcAuto198,123456
xtcAuto199,123456
xtcAuto200,123456
xtcAuto201,123456
xtcAuto202,123456
xtcAuto203,123456
xtcAuto204,123456
xtcAuto205,123456
xtcAuto206,123456
xtcAuto207,123456
xtcAuto208,123456
xtcAuto209,123456
xtcAuto210,123456
xtcAuto211,123456
xtcAuto212,123456
xtcAuto213,123456
xtcAuto214,123456
xtcAuto215,123456
xtcAuto216,123456
xtcAuto217,123456
xtcAuto218,123456
xtcAuto218,123456
xtcAuto219,123456
xtcAuto220,123456
xtcAuto221,123456
xtcAuto222,123456
xtcAuto223,123456
xtcAuto224,123456
xtcAuto225,123456
xtcAuto226,123456
xtcAuto227,123456
xtcAuto228,123456
xtcAuto229,123456
xtcAuto230,123456
xtcAuto231,123456
xtcAuto232,123456
xtcAuto233,123456
xtcAuto234,123456
xtcAuto235,123456
xtcAuto236,123456
xtcAuto237,123456
xtcAuto238,123456
xtcAuto239,123456
xtcAuto240,123456
xtcAuto241,123456
xtcAuto242,123456
xtcAuto243,123456
xtcAuto244,123456
xtcAuto245,123456
xtcAuto246,123456
xtcAuto247,123456
xtcAuto248,123456
xtcAuto249,123456
xtcAuto250,123456
xtcAuto251,123456
xtcAuto252,123456
xtcAuto253,123456
xtcAuto254,123456
xtcAuto255,123456
xtcAuto256,123456
xtcAuto257,123456
xtcAuto258,123456
xtcAuto259,123456
xtcAuto247,123456
xtcAuto248,123456
xtcAuto249,123456
xtcAuto250,123456
xtcAuto251,123456
xtcAuto252,123456
xtcAuto253,123456
xtcAuto254,123456
xtcAuto255,123456
xtcAuto256,123456
xtcAuto257,123456
xtcAuto258,123456
xtcAuto259,123456
xtcAuto260,123456
xtcAuto261,123456
xtcAuto262,123456
xtcAuto263,123456
xtcAuto264,123456
xtcAuto265,123456
xtcAuto266,123456
xtcAuto267,123456
xtcAuto268,123456
xtcAuto269,123456
xtcAuto270,123456
xtcAuto271,123456
xtcAuto272,123456
xtcAuto273,123456
xtcAuto274,123456
xtcAuto275,123456
xtcAuto276,123456
xtcAuto277,123456
xtcAuto278,123456
xtcAuto279,123456
xtcAuto280,123456
xtcAuto281,123456
xtcAuto282,123456
xtcAuto283,123456
xtcAuto284,123456
xtcAuto285,123456
xtcAuto286,123456
xtcAuto287,123456
xtcAuto288,123456
xtcAuto289,123456
xtcAuto290,123456
xtcAuto291,123456
xtcAuto292,123456
xtcAuto293,123456
xtcAuto294,123456
xtcAuto295,123456
xtcAuto296,123456
xtcAuto297,123456
xtcAuto298,123456
xtcAuto299,123456
xtcAuto300,123456
xtcAuto301,123456
xtcAuto302,123456
xtcAuto303,123456
xtcAuto304,123456
xtcAuto305,123456
xtcAuto306,123456
xtcAuto307,123456
xtcAuto308,123456
xtcAuto309,123456
xtcAuto310,123456
xtcAuto311,123456
xtcAuto312,123456
xtcAuto313,123456
xtcAuto314,123456
xtcAuto315,123456
xtcAuto316,123456
xtcAuto317,123456
xtcAuto318,123456
xtcAuto319,123456
xtcAuto320,123456
xtcAuto321,123456
xtcAuto322,123456
xtcAuto323,123456
xtcAuto324,123456
xtcAuto325,123456
xtcAuto326,123456
xtcAuto327,123456
xtcAuto328,123456
xtcAuto329,123456
xtcAuto330,123456
xtcAuto331,123456
xtcAuto332,123456
xtcAuto333,123456
xtcAuto334,123456
xtcAuto335,123456
xtcAuto336,123456
xtcAuto337,123456
xtcAuto338,123456
xtcAuto339,123456
xtcAuto340,123456
xtcAuto341,123456
xtcAuto342,123456
xtcAuto343,123456
xtcAuto343,123456
xtcAuto344,123456
xtcAuto344,123456
xtcAuto345,123456
xtcAuto345,123456
xtcAuto346,123456
xtcAuto347,123456
xtcAuto348,123456
xtcAuto349,123456
xtcAuto350,123456
xtcAuto351,123456
xtcAuto352,123456
xtcAuto352,123456
xtcAuto353,123456
xtcAuto354,123456
xtcAuto355,123456
xtcAuto356,123456
xtcAuto357,123456
xtcAuto358,123456
xtcAuto359,123456
xtcAuto360,123456
xtcAuto361,123456
xtcAuto361,123456
xtcAuto361,123456
xtcAuto362,123456
xtcAuto363,123456
xtcAuto364,123456
xtcAuto365,123456
xtcAuto366,123456
xtcAuto367,123456
xtcAuto368,123456
xtcAuto369,123456
xtcAuto370,123456
xtcAuto371,123456
xtcAuto372,123456
xtcAuto373,123456
xtcAuto374,123456
xtcAuto375,123456
xtcAuto376,123456
xtcAuto377,123456
xtcAuto378,123456
xtcAuto379,123456
xtcAuto380,123456
xtcAuto381,123456
xtcAuto382,123456
xtcAuto383,123456
xtcAuto384,123456
xtcAuto385,123456
xtcAuto386,123456
xtcAuto387,123456
xtcAuto388,123456
xtcAuto388,123456
xtcAuto389,123456
xtcAuto390,123456
xtcAuto391,123456
xtcAuto392,123456
xtcAuto393,123456
xtcAuto394,123456
xtcAuto395,123456
xtcAuto396,123456
xtcAuto397,123456
xtcAuto398,123456
xtcAuto399,123456
xtcAuto400,123456
xtcAuto401,123456
xtcAuto402,123456
xtcAuto403,123456
xtcAuto404,123456
xtcAuto405,123456
xtcAuto406,123456
xtcAuto407,123456
xtcAuto408,123456
xtcAuto409,123456
xtcAuto410,123456
xtcAuto411,123456
xtcAuto412,123456
xtcAuto413,123456
xtcAuto414,123456
xtcAuto415,123456
xtcAuto416,123456
xtcAuto417,123456
xtcAuto418,123456
xtcAuto419,123456
xtcAuto420,123456
xtcAuto421,123456
xtcAuto422,123456
xtcAuto423,123456
xtcAuto424,123456
xtcAuto425,123456
xtcAuto426,123456
xtcAuto427,123456
xtcAuto428,123456
xtcAuto428,123456
xtcAuto429,123456
xtcAuto430,123456
xtcAuto431,123456
xtcAuto432,123456
xtcAuto433,123456
xtcAuto434,123456
xtcAuto435,123456
xtcAuto436,123456
xtcAuto437,123456
xtcAuto438,123456
xtcAuto439,123456
xtcAuto440,123456
xtcAuto441,123456
xtcAuto442,123456
xtcAuto443,123456
xtcAuto444,123456
xtcAuto445,123456
xtcAuto446,123456
xtcAuto447,123456
xtcAuto448,123456
xtcAuto449,123456
xtcAuto450,123456
xtcAuto451,123456
xtcAuto452,123456
xtcAuto453,123456
xtcAuto454,123456
xtcAuto455,123456
xtcAuto456,123456
xtcAuto457,123456
xtcAuto458,123456
xtcAuto459,123456
xtcAuto460,123456
xtcAuto461,123456
xtcAuto462,123456
xtcAuto463,123456
xtcAuto464,123456
xtcAuto465,123456
xtcAuto466,123456
xtcAuto467,123456
xtcAuto468,123456
xtcAuto469,123456
xtcAuto470,123456
xtcAuto471,123456
xtcAuto472,123456
xtcAuto473,123456
xtcAuto474,123456
xtcAuto475,123456
xtcAuto476,123456
xtcAuto477,123456
xtcAuto478,123456
xtcAuto479,123456
xtcAuto480,123456
xtcAuto481,123456
xtcAuto482,123456
xtcAuto483,123456
xtcAuto484,123456
xtcAuto485,123456
xtcAuto486,123456
xtcAuto487,123456
xtcAuto488,123456
xtcAuto489,123456
xtcAuto490,123456
xtcAuto491,123456
xtcAuto492,123456
xtcAuto493,123456
xtcAuto494,123456
xtcAuto495,123456
xtcAuto496,123456
xtcAuto497,123456
xtcAuto498,123456
xtcAuto499,123456
xtcAuto500,123456
xtcAuto501,123456
xtcAuto502,123456
xtcAuto503,123456
xtcAuto504,123456
xtcAuto505,123456
xtcAuto506,123456
xtcAuto507,123456
xtcAuto508,123456
xtcAuto509,123456
xtcAuto509,123456
xtcAuto510,123456
xtcAuto511,123456
xtcAuto512,123456
xtcAuto513,123456
xtcAuto514,123456
xtcAuto515,123456
xtcAuto516,123456
xtcAuto517,123456
xtcAuto518,123456
xtcAuto519,123456
xtcAuto520,123456
xtcAuto521,123456
xtcAuto522,123456
xtcAuto523,123456
xtcAuto524,123456
xtcAuto525,123456
xtcAuto526,123456
xtcAuto527,123456
xtcAuto528,123456
xtcAuto529,123456
xtcAuto530,123456
xtcAuto531,123456
xtcAuto532,123456
xtcAuto533,123456
xtcAuto534,123456
xtcAuto535,123456
xtcAuto536,123456
xtcAuto537,123456
xtcAuto538,123456
xtcAuto539,123456
xtcAuto539,123456
xtcAuto540,123456
xtcAuto541,123456
xtcAuto542,123456
xtcAuto543,123456
xtcAuto544,123456
xtcAuto545,123456
xtcAuto546,123456
xtcAuto547,123456
xtcAuto548,123456
xtcAuto549,123456
xtcAuto550,123456
xtcAuto551,123456
xtcAuto552,123456
xtcAuto553,123456
xtcAuto554,123456
xtcAuto555,123456
xtcAuto556,123456
xtcAuto557,123456
xtcAuto558,123456
xtcAuto559,123456
xtcAuto560,123456
xtcAuto561,123456
xtcAuto562,123456
xtcAuto563,123456
xtcAuto564,123456
xtcAuto565,123456
xtcAuto566,123456
xtcAuto567,123456
xtcAuto568,123456
xtcAuto569,123456
xtcAuto570,123456
xtcAuto571,123456
xtcAuto572,123456
xtcAuto573,123456
xtcAuto574,123456
xtcAuto575,123456
xtcAuto576,123456
xtcAuto577,123456
xtcAuto578,123456
xtcAuto579,123456
xtcAuto580,123456
xtcAuto581,123456
xtcAuto582,123456
xtcAuto583,123456
xtcAuto584,123456
xtcAuto585,123456
xtcAuto586,123456
xtcAuto587,123456
xtcAuto588,123456
xtcAuto589,123456
xtcAuto590,123456
xtcAuto591,123456
xtcAuto592,123456
xtcAuto593,123456
xtcAuto594,123456
xtcAuto595,123456
xtcAuto595,123456
xtcAuto595,123456
xtcAuto595,123456
xtcAuto595,123456
xtcAuto596,123456
xtcAuto597,123456
xtcAuto598,123456
xtcAuto599,123456
xtcAuto599,123456
xtcAuto600,123456
xtcAuto259,123456
xtcAuto260,123456
xtcAuto260,123456
xtcAuto261,123456
xtcAuto262,123456
xtcAuto262,123456
xtcAuto263,123456
xtcAuto264,123456
xtcAuto265,123456
xtcAuto266,123456
xtcAuto267,123456
xtcAuto268,123456
xtcAuto269,123456
xtcAuto270,123456
xtcAuto271,123456
xtcAuto272,123456
xtcAuto273,123456
xtcAuto274,123456
xtcAuto275,123456
xtcAuto276,123456
xtcAuto277,123456
xtcAuto278,123456
xtcAuto279,123456
xtcAuto280,123456
xtcAuto281,123456
xtcAuto282,123456
xtcAuto283,123456
xtcAuto284,123456
xtcAuto285,123456
xtcAuto286,123456
xtcAuto287,123456
xtcAuto288,123456
xtcAuto289,123456
xtcAuto290,123456
xtcAuto291,123456
xtcAuto292,123456
xtcAuto293,123456
xtcAuto294,123456
xtcAuto295,123456
xtcAuto296,123456
xtcAuto297,123456
xtcAuto298,123456
xtcAuto299,123456
xtcAuto300,123456
xtcAuto301,123456
xtcAuto302,123456
xtcAuto303,123456
xtcAuto304,123456
xtcAuto305,123456
xtcAuto306,123456
xtcAuto307,123456
xtcAuto308,123456
xtcAuto309,123456
xtcAuto310,123456
xtcAuto311,123456
xtcAuto312,123456
xtcAuto313,123456
xtcAuto314,123456
xtcAuto315,123456
xtcAuto316,123456
xtcAuto317,123456
xtcAuto318,123456
xtcAuto319,123456
xtcAuto320,123456
xtcAuto321,123456
xtcAuto322,123456
xtcAuto323,123456
xtcAuto324,123456
xtcAuto325,123456
xtcAuto326,123456
xtcAuto327,123456
xtcAuto328,123456
xtcAuto329,123456
xtcAuto330,123456
xtcAuto331,123456
xtcAuto332,123456
xtcAuto333,123456
xtcAuto334,123456
xtcAuto335,123456
xtcAuto336,123456
xtcAuto337,123456
xtcAuto338,123456
xtcAuto339,123456
xtcAuto340,123456
xtcAuto341,123456
xtcAuto342,123456
xtcAuto343,123456
xtcAuto344,123456
xtcAuto345,123456
xtcAuto346,123456
xtcAuto347,123456
xtcAuto348,123456
xtcAuto349,123456
xtcAuto350,123456
xtcAuto351,123456
xtcAuto352,123456
xtcAuto353,123456
xtcAuto354,123456
xtcAuto355,123456
xtcAuto356,123456
xtcAuto357,123456
xtcAuto358,123456
xtcAuto359,123456
xtcAuto360,123456
xtcAuto361,123456
xtcAuto362,123456
xtcAuto363,123456
xtcAuto364,123456
xtcAuto365,123456
xtcAuto366,123456
xtcAuto367,123456
xtcAuto368,123456
xtcAuto369,123456
xtcAuto370,123456
xtcAuto371,123456
xtcAuto372,123456
xtcAuto373,123456
xtcAuto374,123456
xtcAuto375,123456
xtcAuto376,123456
xtcAuto377,123456
xtcAuto378,123456
xtcAuto378,123456
xtcAuto379,123456
xtcAuto380,123456
xtcAuto381,123456
xtcAuto382,123456
xtcAuto383,123456
xtcAuto384,123456
xtcAuto385,123456
xtcAuto386,123456
xtcAuto387,123456
xtcAuto388,123456
xtcAuto389,123456
xtcAuto390,123456
xtcAuto391,123456
xtcAuto392,123456
xtcAuto393,123456
xtcAuto394,123456
xtcAuto395,123456
xtcAuto396,123456
xtcAuto397,123456
xtcAuto398,123456
xtcAuto399,123456
xtcAuto400,123456
xtcAuto401,123456
xtcAuto402,123456
xtcAuto403,123456
xtcAuto404,123456
xtcAuto405,123456
xtcAuto406,123456
xtcAuto407,123456
xtcAuto408,123456
xtcAuto409,123456
xtcAuto410,123456
xtcAuto411,123456
xtcAuto412,123456
xtcAuto413,123456
xtcAuto414,123456
xtcAuto415,123456
xtcAuto416,123456
xtcAuto417,123456
xtcAuto418,123456
xtcAuto419,123456
xtcAuto420,123456
xtcAuto421,123456
xtcAuto422,123456
xtcAuto423,123456
xtcAuto424,123456
xtcAuto425,123456
xtcAuto426,123456
xtcAuto427,123456
xtcAuto428,123456
xtcAuto429,123456
xtcAuto430,123456
xtcAuto431,123456
xtcAuto432,123456
xtcAuto433,123456
xtcAuto434,123456
xtcAuto435,123456
xtcAuto436,123456
xtcAuto437,123456
xtcAuto438,123456
xtcAuto439,123456
xtcAuto440,123456
xtcAuto441,123456
xtcAuto442,123456
xtcAuto443,123456
xtcAuto444,123456
xtcAuto445,123456
xtcAuto446,123456
xtcAuto447,123456
xtcAuto448,123456
xtcAuto449,123456
xtcAuto450,123456
xtcAuto451,123456
xtcAuto452,123456
xtcAuto453,123456
xtcAuto454,123456
xtcAuto455,123456
xtcAuto456,123456
xtcAuto457,123456
xtcAuto458,123456
xtcAuto459,123456
xtcAuto460,123456
xtcAuto461,123456
xtcAuto462,123456
xtcAuto463,123456
xtcAuto464,123456
xtcAuto465,123456
xtcAuto466,123456
xtcAuto467,123456
xtcAuto468,123456
xtcAuto469,123456
xtcAuto470,123456
xtcAuto471,123456
xtcAuto472,123456
xtcAuto473,123456
xtcAuto474,123456
xtcAuto475,123456
xtcAuto476,123456
xtcAuto477,123456
xtcAuto478,123456
xtcAuto479,123456
xtcAuto480,123456
xtcAuto481,123456
xtcAuto482,123456
xtcAuto483,123456
xtcAuto484,123456
xtcAuto485,123456
xtcAuto486,123456
xtcAuto487,123456
xtcAuto488,123456
xtcAuto489,123456
xtcAuto490,123456
xtcAuto491,123456
xtcAuto492,123456
xtcAuto493,123456
xtcAuto494,123456
xtcAuto495,123456
xtcAuto496,123456
xtcAuto497,123456
xtcAuto498,123456
xtcAuto499,123456
xtcAuto499,123456
xtcAuto499,123456
xtcAuto500,123456
xtcAuto501,123456
xtcAuto502,123456
xtcAuto503,123456
xtcAuto504,123456
xtcAuto505,123456
xtcAuto506,123456
xtcAuto507,123456
xtcAuto508,123456
xtcAuto509,123456
xtcAuto510,123456
xtcAuto511,123456
xtcAuto512,123456
xtcAuto513,123456
xtcAuto514,123456
xtcAuto515,123456
xtcAuto516,123456
xtcAuto517,123456
xtcAuto518,123456
xtcAuto519,123456
xtcAuto520,123456
xtcAuto521,123456
xtcAuto522,123456
xtcAuto523,123456
xtcAuto524,123456
xtcAuto525,123456
xtcAuto526,123456
xtcAuto527,123456
xtcAuto528,123456
xtcAuto529,123456
xtcAuto530,123456
xtcAuto531,123456
xtcAuto532,123456
xtcAuto533,123456
xtcAuto534,123456
xtcAuto535,123456
xtcAuto536,123456
xtcAuto537,123456
xtcAuto538,123456
xtcAuto539,123456
xtcAuto540,123456
xtcAuto541,123456
xtcAuto542,123456
xtcAuto543,123456
xtcAuto544,123456
xtcAuto545,123456
xtcAuto546,123456
xtcAuto547,123456
xtcAuto548,123456
xtcAuto549,123456
xtcAuto550,123456
xtcAuto551,123456
xtcAuto552,123456
xtcAuto553,123456
xtcAuto554,123456
xtcAuto555,123456
xtcAuto556,123456
xtcAuto557,123456
xtcAuto558,123456
xtcAuto559,123456
xtcAuto560,123456
xtcAuto561,123456
xtcAuto562,123456
xtcAuto563,123456
xtcAuto564,123456
xtcAuto565,123456
xtcAuto566,123456
xtcAuto567,123456
xtcAuto568,123456
xtcAuto569,123456
xtcAuto570,123456
xtcAuto571,123456
xtcAuto572,123456
xtcAuto573,123456
xtcAuto574,123456
xtcAuto575,123456
xtcAuto576,123456
xtcAuto577,123456
xtcAuto578,123456
xtcAuto579,123456
xtcAuto580,123456
xtcAuto581,123456
xtcAuto582,123456
xtcAuto583,123456
xtcAuto584,123456
xtcAuto585,123456
xtcAuto586,123456
xtcAuto587,123456
xtcAuto588,123456
xtcAuto589,123456
xtcAuto590,123456
xtcAuto591,123456
xtcAuto592,123456
xtcAuto593,123456
xtcAuto594,123456
xtcAuto595,123456
xtcAuto596,123456
xtcAuto597,123456
xtcAuto598,123456
xtcAuto599,123456
xtcAuto600,123456
xtcAuto20,123456
